method,conf_th,iou_th,AP,AP50,AP75,APu,APvt,APt,APs,APm,APl,AR1,AR10,AR100,ARu,ARvt,ARt,ARs,ARm,ARl,TP,FP,FN,P,R,F1
NMS,0.1,0.1,43.3625898030628,80.0678807259582,41.9949594818851,-100,34.9577850410026,40.7436788209665,48.0555921472285,32.8839443834777,59.0729453894653,24.4770857200901,54.6106815496182,54.6106815496182,-100,41.4087652929264,54.6031759029897,58.7454695751302,38.7874495149509,63.1750954198473,40395,9233,7283,81.3955831385508,84.7246109316666,83.0267403859988
NMS,0.2,0.1,43.3625898030628,80.0678807259582,41.9949594818851,-100,34.9577850410026,40.7436788209665,48.0555921472285,32.8839443834777,59.0729453894653,24.4770857200901,54.6106815496182,54.6106815496182,-100,41.4087652929264,54.6031759029897,58.7454695751302,38.7874495149509,63.1750954198473,40614,6997,7064,85.3038163449623,85.183942279458,85.2438371690332
NMS,0.3,0.1,43.3625898030628,80.0678807259582,41.9949594818851,-100,34.9577850410026,40.7436788209665,48.0555921472285,32.8839443834777,59.0729453894653,24.4770857200901,54.6106815496182,54.6106815496182,-100,41.4087652929264,54.6031759029897,58.7454695751302,38.7874495149509,63.1750954198473,40604,5863,7074,87.3824434544946,85.1629682453123,86.2584311434489
NMS,0.4,0.1,43.3625898030628,80.0678807259582,41.9949594818851,-100,34.9577850410026,40.7436788209665,48.0555921472285,32.8839443834777,59.0729453894653,24.4770857200901,54.6106815496182,54.6106815496182,-100,41.4087652929264,54.6031759029897,58.7454695751302,38.7874495149509,63.1750954198473,40420,5032,7258,88.9289800228813,84.7770460170309,86.8033931064104
NMS,0.5,0.1,43.3625898030628,80.0678807259582,41.9949594818851,-100,34.9577850410026,40.7436788209665,48.0555921472285,32.8839443834777,59.0729453894653,24.4770857200901,54.6106815496182,54.6106815496182,-100,41.4087652929264,54.6031759029897,58.7454695751302,38.7874495149509,63.1750954198473,40013,4336,7665,90.2230039008771,83.9234028272998,86.9592619557304
NMS,0.6,0.1,43.3625898030628,80.0678807259582,41.9949594818851,-100,34.9577850410026,40.7436788209665,48.0555921472285,32.8839443834777,59.0729453894653,24.4770857200901,54.6106815496182,54.6106815496182,-100,41.4087652929264,54.6031759029897,58.7454695751302,38.7874495149509,63.1750954198473,39180,3597,8498,91.591275685532,82.1762657829607,86.6287104084904
NMS,0.7,0.1,43.3625898030628,80.0678807259582,41.9949594818851,-100,34.9577850410026,40.7436788209665,48.0555921472285,32.8839443834777,59.0729453894653,24.4770857200901,54.6106815496182,54.6106815496182,-100,41.4087652929264,54.6031759029897,58.7454695751302,38.7874495149509,63.1750954198473,37318,2662,10360,93.3416708354177,78.2709006250262,85.1445390038559
NMS,0.8,0.1,43.3625898030628,80.0678807259582,41.9949594818851,-100,34.9577850410026,40.7436788209665,48.0555921472285,32.8839443834777,59.0729453894653,24.4770857200901,54.6106815496182,54.6106815496182,-100,41.4087652929264,54.6031759029897,58.7454695751302,38.7874495149509,63.1750954198473,29877,1500,17801,95.2194282436179,62.6641218171903,75.5853519701474
NMS,0.9,0.1,43.3625898030628,80.0678807259582,41.9949594818851,-100,34.9577850410026,40.7436788209665,48.0555921472285,32.8839443834777,59.0729453894653,24.4770857200901,54.6106815496182,54.6106815496182,-100,41.4087652929264,54.6031759029897,58.7454695751302,38.7874495149509,63.1750954198473,7710,390,39968,95.1851851851852,16.170980326356,27.6453081860232
NMS,0.1,0.2,46.0614987495401,82.2338222584942,45.4062029930532,-100,34.9621120047588,42.2616041296103,52.1200028586157,34.53224711852,63.1354341005098,25.2514838600164,56.4379165142316,56.4379165142316,-100,41.5139583678957,55.4457046629492,61.9281240376583,40.1561103003659,65.9995229007634,41402,9501,6276,81.3350883052079,86.8366961701414,83.9959018472119
NMS,0.2,0.2,46.0614987495401,82.2338222584942,45.4062029930532,-100,34.9621120047588,42.2616041296103,52.1200028586157,34.53224711852,63.1354341005098,25.2514838600164,56.4379165142316,56.4379165142316,-100,41.5139583678957,55.4457046629492,61.9281240376583,40.1561103003659,65.9995229007634,41574,7172,6104,85.2869979075206,87.1974495574479,86.2316435742139
NMS,0.3,0.2,46.0614987495401,82.2338222584942,45.4062029930532,-100,34.9621120047588,42.2616041296103,52.1200028586157,34.53224711852,63.1354341005098,25.2514838600164,56.4379165142316,56.4379165142316,-100,41.5139583678957,55.4457046629492,61.9281240376583,40.1561103003659,65.9995229007634,41537,5952,6141,87.4665712059635,87.1198456311087,87.2928641230679
NMS,0.4,0.2,46.0614987495401,82.2338222584942,45.4062029930532,-100,34.9621120047588,42.2616041296103,52.1200028586157,34.53224711852,63.1354341005098,25.2514838600164,56.4379165142316,56.4379165142316,-100,41.5139583678957,55.4457046629492,61.9281240376583,40.1561103003659,65.9995229007634,41326,5017,6352,89.1742010659647,86.6772935106338,87.9080205486008
NMS,0.5,0.2,46.0614987495401,82.2338222584942,45.4062029930532,-100,34.9621120047588,42.2616041296103,52.1200028586157,34.53224711852,63.1354341005098,25.2514838600164,56.4379165142316,56.4379165142316,-100,41.5139583678957,55.4457046629492,61.9281240376583,40.1561103003659,65.9995229007634,40882,4200,6796,90.6836431391686,85.7460463945635,88.1457524795171
NMS,0.6,0.2,46.0614987495401,82.2338222584942,45.4062029930532,-100,34.9621120047588,42.2616041296103,52.1200028586157,34.53224711852,63.1354341005098,25.2514838600164,56.4379165142316,56.4379165142316,-100,41.5139583678957,55.4457046629492,61.9281240376583,40.1561103003659,65.9995229007634,40021,3360,7657,92.2546737050783,83.9401820546164,87.9012508373692
NMS,0.7,0.2,46.0614987495401,82.2338222584942,45.4062029930532,-100,34.9621120047588,42.2616041296103,52.1200028586157,34.53224711852,63.1354341005098,25.2514838600164,56.4379165142316,56.4379165142316,-100,41.5139583678957,55.4457046629492,61.9281240376583,40.1561103003659,65.9995229007634,38125,2315,9553,94.2754698318497,79.9635051805864,86.5316961347284
NMS,0.8,0.2,46.0614987495401,82.2338222584942,45.4062029930532,-100,34.9621120047588,42.2616041296103,52.1200028586157,34.53224711852,63.1354341005098,25.2514838600164,56.4379165142316,56.4379165142316,-100,41.5139583678957,55.4457046629492,61.9281240376583,40.1561103003659,65.9995229007634,30614,1094,17064,96.5497666204112,64.2099081337304,77.126949336155
NMS,0.9,0.2,46.0614987495401,82.2338222584942,45.4062029930532,-100,34.9621120047588,42.2616041296103,52.1200028586157,34.53224711852,63.1354341005098,25.2514838600164,56.4379165142316,56.4379165142316,-100,41.5139583678957,55.4457046629492,61.9281240376583,40.1561103003659,65.9995229007634,8116,75,39562,99.084360883897,17.0225261126725,29.0536791422793
NMS,0.1,0.3,47.8522038617357,83.5313242609243,48.0814937800534,-100,34.9594219515568,43.4557374762248,54.7805207966555,35.8307649924736,64.4661024569033,25.693440176705,57.6341833160963,57.6347765766563,-100,41.6797919578292,56.1357444798752,63.8561368802176,41.121605487747,67.0491412213741,41840,10158,5838,80.4646332551252,87.7553588657242,83.9520044945624
NMS,0.2,0.3,47.8522038617357,83.5313242609243,48.0814937800534,-100,34.9594219515568,43.4557374762248,54.7805207966555,35.8307649924736,64.4661024569033,25.693440176705,57.6341833160963,57.6347765766563,-100,41.6797919578292,56.1357444798752,63.8561368802176,41.121605487747,67.0491412213741,41998,7708,5680,84.4928177684787,88.0867486052267,86.2523617842767
NMS,0.3,0.3,47.8522038617357,83.5313242609243,48.0814937800534,-100,34.9594219515568,43.4557374762248,54.7805207966555,35.8307649924736,64.4661024569033,25.693440176705,57.6341833160963,57.6347765766563,-100,41.6797919578292,56.1357444798752,63.8561368802176,41.121605487747,67.0491412213741,41938,6444,5740,86.6809970650242,87.9609044003524,87.3162606704143
NMS,0.4,0.3,47.8522038617357,83.5313242609243,48.0814937800534,-100,34.9594219515568,43.4557374762248,54.7805207966555,35.8307649924736,64.4661024569033,25.693440176705,57.6341833160963,57.6347765766563,-100,41.6797919578292,56.1357444798752,63.8561368802176,41.121605487747,67.0491412213741,41708,5464,5970,88.416857457814,87.4785016150006,87.9451765946231
NMS,0.5,0.3,47.8522038617357,83.5313242609243,48.0814937800534,-100,34.9594219515568,43.4557374762248,54.7805207966555,35.8307649924736,64.4661024569033,25.693440176705,57.6341833160963,57.6347765766563,-100,41.6797919578292,56.1357444798752,63.8561368802176,41.121605487747,67.0491412213741,41241,4605,6437,89.9555032063866,86.4990142203952,88.1934049014157
NMS,0.6,0.3,47.8522038617357,83.5313242609243,48.0814937800534,-100,34.9594219515568,43.4557374762248,54.7805207966555,35.8307649924736,64.4661024569033,25.693440176705,57.6341833160963,57.6347765766563,-100,41.6797919578292,56.1357444798752,63.8561368802176,41.121605487747,67.0491412213741,40356,3670,7322,91.6640167173943,84.6428121984983,88.0136090028788
NMS,0.7,0.3,47.8522038617357,83.5313242609243,48.0814937800534,-100,34.9594219515568,43.4557374762248,54.7805207966555,35.8307649924736,64.4661024569033,25.693440176705,57.6341833160963,57.6347765766563,-100,41.6797919578292,56.1357444798752,63.8561368802176,41.121605487747,67.0491412213741,38430,2499,9248,93.8943047716778,80.6032132220311,86.7425824144819
NMS,0.8,0.3,47.8522038617357,83.5313242609243,48.0814937800534,-100,34.9594219515568,43.4557374762248,54.7805207966555,35.8307649924736,64.4661024569033,25.693440176705,57.6341833160963,57.6347765766563,-100,41.6797919578292,56.1357444798752,63.8561368802176,41.121605487747,67.0491412213741,30856,1067,16822,96.6575823074272,64.717479760057,77.5266642378865
NMS,0.9,0.3,47.8522038617357,83.5313242609243,48.0814937800534,-100,34.9594219515568,43.4557374762248,54.7805207966555,35.8307649924736,64.4661024569033,25.693440176705,57.6341833160963,57.6347765766563,-100,41.6797919578292,56.1357444798752,63.8561368802176,41.121605487747,67.0491412213741,8237,23,39441,99.7215496368039,17.2763119258358,29.4504630126211
NMS,0.1,0.4,48.7361210755428,83.4952358192395,49.7957602681216,-100,35.0909616668087,43.8036140292576,56.1489221047455,37.3956869370042,64.8121349436344,25.8901848587866,58.4460999744512,58.4490662772514,-100,41.8523331584589,56.8424337566117,64.9546088138989,42.6442321010888,67.2781488549618,41954,11209,5724,78.9157872956756,87.9944628549855,83.2082188792257
NMS,0.2,0.4,48.7361210755428,83.4952358192395,49.7957602681216,-100,35.0909616668087,43.8036140292576,56.1489221047455,37.3956869370042,64.8121349436344,25.8901848587866,58.4460999744512,58.4490662772514,-100,41.8523331584589,56.8424337566117,64.9546088138989,42.6442321010888,67.2781488549618,42089,8679,5589,82.9045855657107,88.2776123159529,85.5067752879751
NMS,0.3,0.4,48.7361210755428,83.4952358192395,49.7957602681216,-100,35.0909616668087,43.8036140292576,56.1489221047455,37.3956869370042,64.8121349436344,25.8901848587866,58.4460999744512,58.4490662772514,-100,41.8523331584589,56.8424337566117,64.9546088138989,42.6442321010888,67.2781488549618,42018,7351,5660,85.1100893273107,88.1286966735182,86.5930940678228
NMS,0.4,0.4,48.7361210755428,83.4952358192395,49.7957602681216,-100,35.0909616668087,43.8036140292576,56.1489221047455,37.3956869370042,64.8121349436344,25.8901848587866,58.4460999744512,58.4490662772514,-100,41.8523331584589,56.8424337566117,64.9546088138989,42.6442321010888,67.2781488549618,41771,6325,5907,86.8492182302063,87.6106380301187,87.228266544156
NMS,0.5,0.4,48.7361210755428,83.4952358192395,49.7957602681216,-100,35.0909616668087,43.8036140292576,56.1489221047455,37.3956869370042,64.8121349436344,25.8901848587866,58.4460999744512,58.4490662772514,-100,41.8523331584589,56.8424337566117,64.9546088138989,42.6442321010888,67.2781488549618,41295,5393,6383,88.4488519533927,86.6122740047821,87.5209291482102
NMS,0.6,0.4,48.7361210755428,83.4952358192395,49.7957602681216,-100,35.0909616668087,43.8036140292576,56.1489221047455,37.3956869370042,64.8121349436344,25.8901848587866,58.4460999744512,58.4490662772514,-100,41.8523331584589,56.8424337566117,64.9546088138989,42.6442321010888,67.2781488549618,40394,4376,7284,90.2255974983248,84.722513528252,87.3875043267567
NMS,0.7,0.4,48.7361210755428,83.4952358192395,49.7957602681216,-100,35.0909616668087,43.8036140292576,56.1489221047455,37.3956869370042,64.8121349436344,25.8901848587866,58.4460999744512,58.4490662772514,-100,41.8523331584589,56.8424337566117,64.9546088138989,42.6442321010888,67.2781488549618,38444,3081,9234,92.580373269115,80.6325768698352,86.1944105018889
NMS,0.8,0.4,48.7361210755428,83.4952358192395,49.7957602681216,-100,35.0909616668087,43.8036140292576,56.1489221047455,37.3956869370042,64.8121349436344,25.8901848587866,58.4460999744512,58.4490662772514,-100,41.8523331584589,56.8424337566117,64.9546088138989,42.6442321010888,67.2781488549618,30864,1322,16814,95.8926241222892,64.7342589873736,77.2913953721326
NMS,0.9,0.4,48.7361210755428,83.4952358192395,49.7957602681216,-100,35.0909616668087,43.8036140292576,56.1489221047455,37.3956869370042,64.8121349436344,25.8901848587866,58.4460999744512,58.4490662772514,-100,41.8523331584589,56.8424337566117,64.9546088138989,42.6442321010888,67.2781488549618,8234,29,39444,99.6490378797047,17.2700197155921,29.438158059384
NMS,0.1,0.5,49.1838134522371,82.8938293122629,51.3282327744671,-100,35.1958573261226,43.6588846126354,57.0568636314509,38.0161361928935,64.7626299931393,25.9892667713735,59.1344943428816,59.1378561527218,-100,42.0109934717801,57.5199778675522,65.9274694554017,43.6231609869688,67.2590648854962,42020,12465,5658,77.1221437092778,88.1328914803473,82.2607010365788
NMS,0.2,0.5,49.1838134522371,82.8938293122629,51.3282327744671,-100,35.1958573261226,43.6588846126354,57.0568636314509,38.0161361928935,64.7626299931393,25.9892667713735,59.1344943428816,59.1378561527218,-100,42.0109934717801,57.5199778675522,65.9274694554017,43.6231609869688,67.2590648854962,42134,9764,5544,81.1861728775675,88.3719954696086,84.626817707078
NMS,0.3,0.5,49.1838134522371,82.8938293122629,51.3282327744671,-100,35.1958573261226,43.6588846126354,57.0568636314509,38.0161361928935,64.7626299931393,25.9892667713735,59.1344943428816,59.1378561527218,-100,42.0109934717801,57.5199778675522,65.9274694554017,43.6231609869688,67.2590648854962,42055,8380,5623,83.3845543769208,88.2063005998574,85.7276813470182
NMS,0.4,0.5,49.1838134522371,82.8938293122629,51.3282327744671,-100,35.1958573261226,43.6588846126354,57.0568636314509,38.0161361928935,64.7626299931393,25.9892667713735,59.1344943428816,59.1378561527218,-100,42.0109934717801,57.5199778675522,65.9274694554017,43.6231609869688,67.2590648854962,41806,7298,5872,85.1376669925057,87.6840471496288,86.3920977041185
NMS,0.5,0.5,49.1838134522371,82.8938293122629,51.3282327744671,-100,35.1958573261226,43.6588846126354,57.0568636314509,38.0161361928935,64.7626299931393,25.9892667713735,59.1344943428816,59.1378561527218,-100,42.0109934717801,57.5199778675522,65.9274694554017,43.6231609869688,67.2590648854962,41317,6307,6361,86.7566773055602,86.6584168799027,86.7075192545802
NMS,0.6,0.5,49.1838134522371,82.8938293122629,51.3282327744671,-100,35.1958573261226,43.6588846126354,57.0568636314509,38.0161361928935,64.7626299931393,25.9892667713735,59.1344943428816,59.1378561527218,-100,42.0109934717801,57.5199778675522,65.9274694554017,43.6231609869688,67.2590648854962,40400,5232,7278,88.5343618513324,84.7350979487394,86.5930768406387
NMS,0.7,0.5,49.1838134522371,82.8938293122629,51.3282327744671,-100,35.1958573261226,43.6588846126354,57.0568636314509,38.0161361928935,64.7626299931393,25.9892667713735,59.1344943428816,59.1378561527218,-100,42.0109934717801,57.5199778675522,65.9274694554017,43.6231609869688,67.2590648854962,38448,3798,9230,91.0097997443545,80.6409664834935,85.5122103109292
NMS,0.8,0.5,49.1838134522371,82.8938293122629,51.3282327744671,-100,35.1958573261226,43.6588846126354,57.0568636314509,38.0161361928935,64.7626299931393,25.9892667713735,59.1344943428816,59.1378561527218,-100,42.0109934717801,57.5199778675522,65.9274694554017,43.6231609869688,67.2590648854962,30869,1784,16809,94.5364897559183,64.7447460044465,76.8545144464777
NMS,0.9,0.5,49.1838134522371,82.8938293122629,51.3282327744671,-100,35.1958573261226,43.6588846126354,57.0568636314509,38.0161361928935,64.7626299931393,25.9892667713735,59.1344943428816,59.1378561527218,-100,42.0109934717801,57.5199778675522,65.9274694554017,43.6231609869688,67.2590648854962,8227,50,39451,99.395916394829,17.2553378916901,29.4057724957555
NMS,0.1,0.6,49.1454842737141,82.2919648067734,51.9383042860727,-100,35.1433021035805,43.0793024850249,57.2778375667473,38.6245454520385,64.7411474052691,25.960752848544,59.6917003096734,59.6976329152738,-100,42.1724387093377,58.3774592631045,66.6794976059108,44.4301836352101,67.2399809160305,42056,13819,5622,75.2680089485459,88.208398003272,81.2260388400143
NMS,0.2,0.6,49.1454842737141,82.2919648067734,51.9383042860727,-100,35.1433021035805,43.0793024850249,57.2778375667473,38.6245454520385,64.7411474052691,25.960752848544,59.6917003096734,59.6976329152738,-100,42.1724387093377,58.3774592631045,66.6794976059108,44.4301836352101,67.2399809160305,42150,10888,5528,79.4713224480561,88.4055539242418,83.700702966758
NMS,0.3,0.6,49.1454842737141,82.2919648067734,51.9383042860727,-100,35.1433021035805,43.0793024850249,57.2778375667473,38.6245454520385,64.7411474052691,25.960752848544,59.6917003096734,59.6976329152738,-100,42.1724387093377,58.3774592631045,66.6794976059108,44.4301836352101,67.2399809160305,42067,9411,5611,81.7184039783986,88.2314694408322,84.8501351405865
NMS,0.4,0.6,49.1454842737141,82.2919648067734,51.9383042860727,-100,35.1433021035805,43.0793024850249,57.2778375667473,38.6245454520385,64.7411474052691,25.960752848544,59.6917003096734,59.6976329152738,-100,42.1724387093377,58.3774592631045,66.6794976059108,44.4301836352101,67.2399809160305,41816,8275,5862,83.4800662793715,87.7050211837745,85.540406468308
NMS,0.5,0.6,49.1454842737141,82.2919648067734,51.9383042860727,-100,35.1433021035805,43.0793024850249,57.2778375667473,38.6245454520385,64.7411474052691,25.960752848544,59.6917003096734,59.6976329152738,-100,42.1724387093377,58.3774592631045,66.6794976059108,44.4301836352101,67.2399809160305,41331,7235,6347,85.102746777581,86.6877805277067,85.8879514567142
NMS,0.6,0.6,49.1454842737141,82.2919648067734,51.9383042860727,-100,35.1433021035805,43.0793024850249,57.2778375667473,38.6245454520385,64.7411474052691,25.960752848544,59.6917003096734,59.6976329152738,-100,42.1724387093377,58.3774592631045,66.6794976059108,44.4301836352101,67.2399809160305,40406,6116,7272,86.8535316624393,84.7476823692269,85.7876857749469
NMS,0.7,0.6,49.1454842737141,82.2919648067734,51.9383042860727,-100,35.1433021035805,43.0793024850249,57.2778375667473,38.6245454520385,64.7411474052691,25.960752848544,59.6917003096734,59.6976329152738,-100,42.1724387093377,58.3774592631045,66.6794976059108,44.4301836352101,67.2399809160305,38448,4585,9230,89.3453860990403,80.6409664834935,84.7703145153289
NMS,0.8,0.6,49.1454842737141,82.2919648067734,51.9383042860727,-100,35.1433021035805,43.0793024850249,57.2778375667473,38.6245454520385,64.7411474052691,25.960752848544,59.6917003096734,59.6976329152738,-100,42.1724387093377,58.3774592631045,66.6794976059108,44.4301836352101,67.2399809160305,30863,2344,16815,92.9412473273707,64.7321615839591,76.3132842925141
NMS,0.9,0.6,49.1454842737141,82.2919648067734,51.9383042860727,-100,35.1433021035805,43.0793024850249,57.2778375667473,38.6245454520385,64.7411474052691,25.960752848544,59.6917003096734,59.6976329152738,-100,42.1724387093377,58.3774592631045,66.6794976059108,44.4301836352101,67.2399809160305,8217,100,39461,98.7976433810268,17.2343638575444,29.3490490222341
NMS,0.1,0.7,48.6693463427682,80.8548225162224,51.8612055805641,-100,34.9197414209381,41.8188462123194,57.2928249701482,38.9084578477893,64.7593440124149,25.87213631769,60.1597996750563,60.1738401749771,-100,42.4095689871357,59.3139961436344,67.3520880288965,45.1647666806827,67.3544847328244,42128,15441,5550,73.1782730288871,88.3594110491212,80.0554885174874
NMS,0.2,0.7,48.6693463427682,80.8548225162224,51.8612055805641,-100,34.9197414209381,41.8188462123194,57.2928249701482,38.9084578477893,64.7593440124149,25.87213631769,60.1597996750563,60.1738401749771,-100,42.4095689871357,59.3139961436344,67.3520880288965,45.1647666806827,67.3544847328244,42211,12164,5467,77.6294252873563,88.5334955325307,82.7236827922746
NMS,0.3,0.7,48.6693463427682,80.8548225162224,51.8612055805641,-100,34.9197414209381,41.8188462123194,57.2928249701482,38.9084578477893,64.7593440124149,25.87213631769,60.1597996750563,60.1738401749771,-100,42.4095689871357,59.3139961436344,67.3520880288965,45.1647666806827,67.3544847328244,42112,10578,5566,79.9240842664642,88.325852594488,83.9151920930974
NMS,0.4,0.7,48.6693463427682,80.8548225162224,51.8612055805641,-100,34.9197414209381,41.8188462123194,57.2928249701482,38.9084578477893,64.7593440124149,25.87213631769,60.1597996750563,60.1738401749771,-100,42.4095689871357,59.3139961436344,67.3520880288965,45.1647666806827,67.3544847328244,41852,9371,5826,81.7054838646702,87.7805277066991,84.6341290785735
NMS,0.5,0.7,48.6693463427682,80.8548225162224,51.8612055805641,-100,34.9197414209381,41.8188462123194,57.2928249701482,38.9084578477893,64.7593440124149,25.87213631769,60.1597996750563,60.1738401749771,-100,42.4095689871357,59.3139961436344,67.3520880288965,45.1647666806827,67.3544847328244,41356,8288,6322,83.3051325437112,86.740215613071,84.987978052239
NMS,0.6,0.7,48.6693463427682,80.8548225162224,51.8612055805641,-100,34.9197414209381,41.8188462123194,57.2928249701482,38.9084578477893,64.7593440124149,25.87213631769,60.1597996750563,60.1738401749771,-100,42.4095689871357,59.3139961436344,67.3520880288965,45.1647666806827,67.3544847328244,40430,7135,7248,84.9994744034479,84.7980200511767,84.8986277206724
NMS,0.7,0.7,48.6693463427682,80.8548225162224,51.8612055805641,-100,34.9197414209381,41.8188462123194,57.2928249701482,38.9084578477893,64.7593440124149,25.87213631769,60.1597996750563,60.1738401749771,-100,42.4095689871357,59.3139961436344,67.3520880288965,45.1647666806827,67.3544847328244,38459,5521,9219,87.4465666211914,80.6640379210537,83.9184795653407
NMS,0.8,0.7,48.6693463427682,80.8548225162224,51.8612055805641,-100,34.9197414209381,41.8188462123194,57.2928249701482,38.9084578477893,64.7593440124149,25.87213631769,60.1597996750563,60.1738401749771,-100,42.4095689871357,59.3139961436344,67.3520880288965,45.1647666806827,67.3544847328244,30865,3076,16813,90.9372145782387,64.7363563907882,75.6318994351805
NMS,0.9,0.7,48.6693463427682,80.8548225162224,51.8612055805641,-100,34.9197414209381,41.8188462123194,57.2928249701482,38.9084578477893,64.7593440124149,25.87213631769,60.1597996750563,60.1738401749771,-100,42.4095689871357,59.3139961436344,67.3520880288965,45.1647666806827,67.3544847328244,8211,179,39467,97.8665077473182,17.2217794370569,29.2894342584005
NMS,0.1,0.8,48.0343690196812,79.4594303887384,51.0844663414508,-100,34.7750320702011,40.9261624577818,56.7845435514945,39.0320935638796,64.8687818913963,25.8142403963711,60.587271994692,60.6106732583454,-100,42.754995394404,60.0538674285929,68.0006042398207,45.6920065491124,67.4689885496183,42173,17400,5505,70.7921373776711,88.453794202777,78.6435557710418
NMS,0.2,0.8,48.0343690196812,79.4594303887384,51.0844663414508,-100,34.7750320702011,40.9261624577818,56.7845435514945,39.0320935638796,64.8687818913963,25.8142403963711,60.587271994692,60.6106732583454,-100,42.754995394404,60.0538674285929,68.0006042398207,45.6920065491124,67.4689885496183,42246,13613,5432,75.6297105211336,88.6069046520408,81.6056095888426
NMS,0.3,0.8,48.0343690196812,79.4594303887384,51.0844663414508,-100,34.7750320702011,40.9261624577818,56.7845435514945,39.0320935638796,64.8687818913963,25.8142403963711,60.587271994692,60.6106732583454,-100,42.754995394404,60.0538674285929,68.0006042398207,45.6920065491124,67.4689885496183,42137,11888,5541,77.9953725127256,88.3782876798523,82.8628457370972
NMS,0.4,0.8,48.0343690196812,79.4594303887384,51.0844663414508,-100,34.7750320702011,40.9261624577818,56.7845435514945,39.0320935638796,64.8687818913963,25.8142403963711,60.587271994692,60.6106732583454,-100,42.754995394404,60.0538674285929,68.0006042398207,45.6920065491124,67.4689885496183,41870,10625,5808,79.7599771406801,87.8182809681614,83.5953799926128
NMS,0.5,0.8,48.0343690196812,79.4594303887384,51.0844663414508,-100,34.7750320702011,40.9261624577818,56.7845435514945,39.0320935638796,64.8687818913963,25.8142403963711,60.587271994692,60.6106732583454,-100,42.754995394404,60.0538674285929,68.0006042398207,45.6920065491124,67.4689885496183,41369,9477,6309,81.3613656924832,86.7674818574605,83.9775080183508
NMS,0.6,0.8,48.0343690196812,79.4594303887384,51.0844663414508,-100,34.7750320702011,40.9261624577818,56.7845435514945,39.0320935638796,64.8687818913963,25.8142403963711,60.587271994692,60.6106732583454,-100,42.754995394404,60.0538674285929,68.0006042398207,45.6920065491124,67.4689885496183,40442,8280,7236,83.0056237428677,84.8231888921515,83.9045643153527
NMS,0.7,0.8,48.0343690196812,79.4594303887384,51.0844663414508,-100,34.7750320702011,40.9261624577818,56.7845435514945,39.0320935638796,64.8687818913963,25.8142403963711,60.587271994692,60.6106732583454,-100,42.754995394404,60.0538674285929,68.0006042398207,45.6920065491124,67.4689885496183,38468,6529,9210,85.4901437873636,80.6829145517849,83.0169948745617
NMS,0.8,0.8,48.0343690196812,79.4594303887384,51.0844663414508,-100,34.7750320702011,40.9261624577818,56.7845435514945,39.0320935638796,64.8687818913963,25.8142403963711,60.587271994692,60.6106732583454,-100,42.754995394404,60.0538674285929,68.0006042398207,45.6920065491124,67.4689885496183,30871,3804,16807,89.0295602018746,64.7489408112756,74.9723750197321
NMS,0.9,0.8,48.0343690196812,79.4594303887384,51.0844663414508,-100,34.7750320702011,40.9261624577818,56.7845435514945,39.0320935638796,64.8687818913963,25.8142403963711,60.587271994692,60.6106732583454,-100,42.754995394404,60.0538674285929,68.0006042398207,45.6920065491124,67.4689885496183,8208,277,39470,96.73541543901,17.2154872268132,29.2292078414615
NMS,0.1,0.9,47.0796043352478,77.4317712313888,50.0536023058673,-100,34.3245736967075,39.1427944781201,55.663978618251,39.2113679678295,64.8963108386627,25.7562569624876,60.943088235827,60.9942096664685,-100,43.0318499947214,60.6691293272371,68.2888548735641,46.1811357326142,67.6025763358779,42221,20345,5457,67.4823386503852,88.5544695666765,76.5955516853525
NMS,0.2,0.9,47.0796043352478,77.4317712313888,50.0536023058673,-100,34.3245736967075,39.1427944781201,55.663978618251,39.2113679678295,64.8963108386627,25.7562569624876,60.943088235827,60.9942096664685,-100,43.0318499947214,60.6691293272371,68.2888548735641,46.1811357326142,67.6025763358779,42265,16146,5413,72.3579462772423,88.6467553169177,79.6783832442572
NMS,0.3,0.9,47.0796043352478,77.4317712313888,50.0536023058673,-100,34.3245736967075,39.1427944781201,55.663978618251,39.2113679678295,64.8963108386627,25.7562569624876,60.943088235827,60.9942096664685,-100,43.0318499947214,60.6691293272371,68.2888548735641,46.1811357326142,67.6025763358779,42145,14277,5533,74.6960405515579,88.3950669071689,80.9702209414025
NMS,0.4,0.9,47.0796043352478,77.4317712313888,50.0536023058673,-100,34.3245736967075,39.1427944781201,55.663978618251,39.2113679678295,64.8963108386627,25.7562569624876,60.943088235827,60.9942096664685,-100,43.0318499947214,60.6691293272371,68.2888548735641,46.1811357326142,67.6025763358779,41878,12918,5800,76.425286517264,87.835060195478,81.7339032339911
NMS,0.5,0.9,47.0796043352478,77.4317712313888,50.0536023058673,-100,34.3245736967075,39.1427944781201,55.663978618251,39.2113679678295,64.8963108386627,25.7562569624876,60.943088235827,60.9942096664685,-100,43.0318499947214,60.6691293272371,68.2888548735641,46.1811357326142,67.6025763358779,41381,11671,6297,78.0008293749529,86.7926506984353,82.1622158244813
NMS,0.6,0.9,47.0796043352478,77.4317712313888,50.0536023058673,-100,34.3245736967075,39.1427944781201,55.663978618251,39.2113679678295,64.8963108386627,25.7562569624876,60.943088235827,60.9942096664685,-100,43.0318499947214,60.6691293272371,68.2888548735641,46.1811357326142,67.6025763358779,40455,10332,7223,79.6562112351586,84.850455136541,82.1713299141827
NMS,0.7,0.9,47.0796043352478,77.4317712313888,50.0536023058673,-100,34.3245736967075,39.1427944781201,55.663978618251,39.2113679678295,64.8963108386627,25.7562569624876,60.943088235827,60.9942096664685,-100,43.0318499947214,60.6691293272371,68.2888548735641,46.1811357326142,67.6025763358779,38473,8253,9205,82.3374566622437,80.6934015688578,81.5071395279861
NMS,0.8,0.9,47.0796043352478,77.4317712313888,50.0536023058673,-100,34.3245736967075,39.1427944781201,55.663978618251,39.2113679678295,64.8963108386627,25.7562569624876,60.943088235827,60.9942096664685,-100,43.0318499947214,60.6691293272371,68.2888548735641,46.1811357326142,67.6025763358779,30874,4845,16804,86.4357904756572,64.7552330215194,74.0410326510546
NMS,0.9,0.9,47.0796043352478,77.4317712313888,50.0536023058673,-100,34.3245736967075,39.1427944781201,55.663978618251,39.2113679678295,64.8963108386627,25.7562569624876,60.943088235827,60.9942096664685,-100,43.0318499947214,60.6691293272371,68.2888548735641,46.1811357326142,67.6025763358779,8202,471,39476,94.5693531649948,17.2029028063258,29.1103973310145
NONE,0.1,NONE,44.6238044788746,72.8424335917498,47.6568761299231,-100,31.4762964159288,35.761931028517,54.0874576766489,39.1835621030971,64.9180498331354,25.7482034721737,60.9947975197382,61.2389315513349,-100,43.3064633907493,61.0435405680858,68.367961006805,46.2725675549947,67.6598282442748,42387,25318,5291,62.6054205745514,88.9026385334955,73.4718286056005
NONE,0.2,NONE,44.6238044788746,72.8424335917498,47.6568761299231,-100,31.4762964159288,35.761931028517,54.0874576766489,39.1835621030971,64.9180498331354,25.7482034721737,60.9947975197382,61.2389315513349,-100,43.3064633907493,61.0435405680858,68.367961006805,46.2725675549947,67.6598282442748,42320,21053,5358,66.7792277468323,88.7621125047192,76.2172335233361
NONE,0.3,NONE,44.6238044788746,72.8424335917498,47.6568761299231,-100,31.4762964159288,35.761931028517,54.0874576766489,39.1835621030971,64.9180498331354,25.7482034721737,60.9947975197382,61.2389315513349,-100,43.3064633907493,61.0435405680858,68.367961006805,46.2725675549947,67.6598282442748,42165,19137,5513,68.7824214544387,88.4370149754604,77.381170857038
NONE,0.4,NONE,44.6238044788746,72.8424335917498,47.6568761299231,-100,31.4762964159288,35.761931028517,54.0874576766489,39.1835621030971,64.9180498331354,25.7482034721737,60.9947975197382,61.2389315513349,-100,43.3064633907493,61.0435405680858,68.367961006805,46.2725675549947,67.6598282442748,41893,17700,5785,70.2985249945463,87.8665212466966,78.1068508730225
NONE,0.5,NONE,44.6238044788746,72.8424335917498,47.6568761299231,-100,31.4762964159288,35.761931028517,54.0874576766489,39.1835621030971,64.9180498331354,25.7482034721737,60.9947975197382,61.2389315513349,-100,43.3064633907493,61.0435405680858,68.367961006805,46.2725675549947,67.6598282442748,41403,16344,6275,71.6972310249883,86.8387935735559,78.5449371591179
NONE,0.6,NONE,44.6238044788746,72.8424335917498,47.6568761299231,-100,31.4762964159288,35.761931028517,54.0874576766489,39.1835621030971,64.9180498331354,25.7482034721737,60.9947975197382,61.2389315513349,-100,43.3064633907493,61.0435405680858,68.367961006805,46.2725675549947,67.6598282442748,40472,14863,7206,73.1399656636848,84.8861109945887,78.5764903458787
NONE,0.7,NONE,44.6238044788746,72.8424335917498,47.6568761299231,-100,31.4762964159288,35.761931028517,54.0874576766489,39.1835621030971,64.9180498331354,25.7482034721737,60.9947975197382,61.2389315513349,-100,43.3064633907493,61.0435405680858,68.367961006805,46.2725675549947,67.6598282442748,38481,12339,9197,75.7201889020071,80.7101807961744,78.1355966618611
NONE,0.8,NONE,44.6238044788746,72.8424335917498,47.6568761299231,-100,31.4762964159288,35.761931028517,54.0874576766489,39.1835621030971,64.9180498331354,25.7482034721737,60.9947975197382,61.2389315513349,-100,43.3064633907493,61.0435405680858,68.367961006805,46.2725675549947,67.6598282442748,30875,7239,16803,81.0069790628116,64.7573304249339,71.9764080566953
NONE,0.9,NONE,44.6238044788746,72.8424335917498,47.6568761299231,-100,31.4762964159288,35.761931028517,54.0874576766489,39.1835621030971,64.9180498331354,25.7482034721737,60.9947975197382,61.2389315513349,-100,43.3064633907493,61.0435405680858,68.367961006805,46.2725675549947,67.6598282442748,8202,737,39476,91.7552298914868,17.2029028063258,28.9736298284967
OBS,0.1,0.1,50.5554473549273,83.9078048952204,53.7453021512578,-100,35.8728388741362,46.4155711946997,58.6369061094233,38.9448315287292,64.6645834057835,26.284893417169,59.3722563577211,59.3752226605213,-100,41.616487155831,57.716394897322,66.7891596002658,44.6282591475672,67.1636450381679,42034,7847,5644,84.2685591708266,88.1622551281513,86.1714449717607
OBS,0.2,0.1,50.5554473549273,83.9078048952204,53.7453021512578,-100,35.8728388741362,46.4155711946997,58.6369061094233,38.9448315287292,64.6645834057835,26.284893417169,59.3722563577211,59.3752226605213,-100,41.616487155831,57.716394897322,66.7891596002658,44.6282591475672,67.1636450381679,42074,5688,5604,88.0909509652025,88.2461512647343,88.1684828164292
OBS,0.3,0.1,50.5554473549273,83.9078048952204,53.7453021512578,-100,35.8728388741362,46.4155711946997,58.6369061094233,38.9448315287292,64.6645834057835,26.284893417169,59.3722563577211,59.3752226605213,-100,41.616487155831,57.716394897322,66.7891596002658,44.6282591475672,67.1636450381679,41967,4670,5711,89.9864914123979,88.021729099375,88.9932672427504
OBS,0.4,0.1,50.5554473549273,83.9078048952204,53.7453021512578,-100,35.8728388741362,46.4155711946997,58.6369061094233,38.9448315287292,64.6645834057835,26.284893417169,59.3722563577211,59.3752226605213,-100,41.616487155831,57.716394897322,66.7891596002658,44.6282591475672,67.1636450381679,41706,3944,5972,91.3603504928806,87.4743068081715,89.3751071489799
OBS,0.5,0.1,50.5554473549273,83.9078048952204,53.7453021512578,-100,35.8728388741362,46.4155711946997,58.6369061094233,38.9448315287292,64.6645834057835,26.284893417169,59.3722563577211,59.3752226605213,-100,41.616487155831,57.716394897322,66.7891596002658,44.6282591475672,67.1636450381679,41222,3378,6456,92.4260089686099,86.4591635555183,89.3430720215003
OBS,0.6,0.1,50.5554473549273,83.9078048952204,53.7453021512578,-100,35.8728388741362,46.4155711946997,58.6369061094233,38.9448315287292,64.6645834057835,26.284893417169,59.3722563577211,59.3752226605213,-100,41.616487155831,57.716394897322,66.7891596002658,44.6282591475672,67.1636450381679,40299,2779,7379,93.5489112772181,84.5232602038676,88.8073515800608
OBS,0.7,0.1,50.5554473549273,83.9078048952204,53.7453021512578,-100,35.8728388741362,46.4155711946997,58.6369061094233,38.9448315287292,64.6645834057835,26.284893417169,59.3722563577211,59.3752226605213,-100,41.616487155831,57.716394897322,66.7891596002658,44.6282591475672,67.1636450381679,38321,1921,9357,95.2263803985886,80.3745962498427,87.1724294813467
OBS,0.8,0.1,50.5554473549273,83.9078048952204,53.7453021512578,-100,35.8728388741362,46.4155711946997,58.6369061094233,38.9448315287292,64.6645834057835,26.284893417169,59.3722563577211,59.3752226605213,-100,41.616487155831,57.716394897322,66.7891596002658,44.6282591475672,67.1636450381679,30659,856,17019,97.2838330953514,64.3042912873862,77.428560605104
OBS,0.9,0.1,50.5554473549273,83.9078048952204,53.7453021512578,-100,35.8728388741362,46.4155711946997,58.6369061094233,38.9448315287292,64.6645834057835,26.284893417169,59.3722563577211,59.3752226605213,-100,41.616487155831,57.716394897322,66.7891596002658,44.6282591475672,67.1636450381679,8035,20,39643,99.7517070142768,16.8526364360921,28.8339045089982
OBS,0.1,0.2,50.5474056662748,83.9049119781173,53.7356875932324,-100,35.8718885189778,46.4845851453475,58.6610040948919,38.9281761825122,64.7120230714016,26.2906289149273,59.4163592667511,59.4193255695513,-100,41.616487155831,57.8373677924838,66.8507612429763,44.577387054544,67.2399809160305,42064,7986,5614,84.0439560439561,88.2251772305886,86.0838244924689
OBS,0.2,0.2,50.5474056662748,83.9049119781173,53.7356875932324,-100,35.8718885189778,46.4845851453475,58.6610040948919,38.9281761825122,64.7120230714016,26.2906289149273,59.4163592667511,59.4193255695513,-100,41.616487155831,57.8373677924838,66.8507612429763,44.577387054544,67.2399809160305,42112,5764,5566,87.9605647923803,88.325852594488,88.14283023212
OBS,0.3,0.2,50.5474056662748,83.9049119781173,53.7356875932324,-100,35.8718885189778,46.4845851453475,58.6610040948919,38.9281761825122,64.7120230714016,26.2906289149273,59.4163592667511,59.4193255695513,-100,41.616487155831,57.8373677924838,66.8507612429763,44.577387054544,67.2399809160305,42009,4720,5669,89.8992060604764,88.109820042787,88.9955194000445
OBS,0.4,0.2,50.5474056662748,83.9049119781173,53.7356875932324,-100,35.8718885189778,46.4845851453475,58.6610040948919,38.9281761825122,64.7120230714016,26.2906289149273,59.4163592667511,59.4193255695513,-100,41.616487155831,57.8373677924838,66.8507612429763,44.577387054544,67.2399809160305,41749,3982,5929,91.2925586582406,87.5644951549981,89.3896733719449
OBS,0.5,0.2,50.5474056662748,83.9049119781173,53.7356875932324,-100,35.8718885189778,46.4845851453475,58.6610040948919,38.9281761825122,64.7120230714016,26.2906289149273,59.4163592667511,59.4193255695513,-100,41.616487155831,57.8373677924838,66.8507612429763,44.577387054544,67.2399809160305,41267,3404,6411,92.3798437465022,86.553546709174,89.3718394351861
OBS,0.6,0.2,50.5474056662748,83.9049119781173,53.7356875932324,-100,35.8718885189778,46.4845851453475,58.6610040948919,38.9281761825122,64.7120230714016,26.2906289149273,59.4163592667511,59.4193255695513,-100,41.616487155831,57.8373677924838,66.8507612429763,44.577387054544,67.2399809160305,40345,2799,7333,93.51242351196,84.619740760938,88.8441126599282
OBS,0.7,0.2,50.5474056662748,83.9049119781173,53.7356875932324,-100,35.8718885189778,46.4845851453475,58.6610040948919,38.9281761825122,64.7120230714016,26.2906289149273,59.4163592667511,59.4193255695513,-100,41.616487155831,57.8373677924838,66.8507612429763,44.577387054544,67.2399809160305,38365,1939,9313,95.1890631202858,80.4668820000839,87.2110204359983
OBS,0.8,0.2,50.5474056662748,83.9049119781173,53.7356875932324,-100,35.8718885189778,46.4845851453475,58.6610040948919,38.9281761825122,64.7120230714016,26.2906289149273,59.4163592667511,59.4193255695513,-100,41.616487155831,57.8373677924838,66.8507612429763,44.577387054544,67.2399809160305,30680,865,16998,97.2578855603107,64.3483367590922,77.4522550269492
OBS,0.9,0.2,50.5474056662748,83.9049119781173,53.7356875932324,-100,35.8718885189778,46.4845851453475,58.6610040948919,38.9281761825122,64.7120230714016,26.2906289149273,59.4163592667511,59.4193255695513,-100,41.616487155831,57.8373677924838,66.8507612429763,44.577387054544,67.2399809160305,8035,20,39643,99.7517070142768,16.8526364360921,28.8339045089982
OBS,0.1,0.3,50.5648181254899,83.9026015661096,53.7338614209778,-100,35.8704405023902,46.5073832856219,58.6483693442868,38.9643642949011,64.7120230714016,26.2949794923676,59.442744908827,59.4457112116272,-100,41.6190448798264,57.8729472812838,66.8521870849359,44.7300033336137,67.2399809160305,42052,8153,5626,83.760581615377,88.2000083896137,85.9229896917749
OBS,0.2,0.3,50.5648181254899,83.9026015661096,53.7338614209778,-100,35.8704405023902,46.5073832856219,58.6483693442868,38.9643642949011,64.7120230714016,26.2949794923676,59.442744908827,59.4457112116272,-100,41.6190448798264,57.8729472812838,66.8521870849359,44.7300033336137,67.2399809160305,42119,5863,5559,87.7808344795965,88.34053441839,88.059795107673
OBS,0.3,0.3,50.5648181254899,83.9026015661096,53.7338614209778,-100,35.8704405023902,46.5073832856219,58.6483693442868,38.9643642949011,64.7120230714016,26.2949794923676,59.442744908827,59.4457112116272,-100,41.6190448798264,57.8729472812838,66.8521870849359,44.7300033336137,67.2399809160305,42018,4787,5660,89.7724602072428,88.1286966735182,88.9429844522295
OBS,0.4,0.3,50.5648181254899,83.9026015661096,53.7338614209778,-100,35.8704405023902,46.5073832856219,58.6483693442868,38.9643642949011,64.7120230714016,26.2949794923676,59.442744908827,59.4457112116272,-100,41.6190448798264,57.8729472812838,66.8521870849359,44.7300033336137,67.2399809160305,41760,4024,5918,91.2109033723572,87.5875665925584,89.3625216665597
OBS,0.5,0.3,50.5648181254899,83.9026015661096,53.7338614209778,-100,35.8704405023902,46.5073832856219,58.6483693442868,38.9643642949011,64.7120230714016,26.2949794923676,59.442744908827,59.4457112116272,-100,41.6190448798264,57.8729472812838,66.8521870849359,44.7300033336137,67.2399809160305,41277,3431,6401,92.3257582535564,86.5745207433198,89.357694888836
OBS,0.6,0.3,50.5648181254899,83.9026015661096,53.7338614209778,-100,35.8704405023902,46.5073832856219,58.6483693442868,38.9643642949011,64.7120230714016,26.2949794923676,59.442744908827,59.4457112116272,-100,41.6190448798264,57.8729472812838,66.8521870849359,44.7300033336137,67.2399809160305,40352,2820,7326,93.467988511072,84.63442258484,88.8321408915795
OBS,0.7,0.3,50.5648181254899,83.9026015661096,53.7338614209778,-100,35.8704405023902,46.5073832856219,58.6483693442868,38.9643642949011,64.7120230714016,26.2949794923676,59.442744908827,59.4457112116272,-100,41.6190448798264,57.8729472812838,66.8521870849359,44.7300033336137,67.2399809160305,38374,1943,9304,95.1806930079123,80.4857586308151,87.2185919654526
OBS,0.8,0.3,50.5648181254899,83.9026015661096,53.7338614209778,-100,35.8704405023902,46.5073832856219,58.6483693442868,38.9643642949011,64.7120230714016,26.2949794923676,59.442744908827,59.4457112116272,-100,41.6190448798264,57.8729472812838,66.8521870849359,44.7300033336137,67.2399809160305,30688,867,16990,97.252416415782,64.3651159864088,77.4626733810407
OBS,0.9,0.3,50.5648181254899,83.9026015661096,53.7338614209778,-100,35.8704405023902,46.5073832856219,58.6483693442868,38.9643642949011,64.7120230714016,26.2949794923676,59.442744908827,59.4457112116272,-100,41.6190448798264,57.8729472812838,66.8521870849359,44.7300033336137,67.2399809160305,8035,20,39643,99.7517070142768,16.8526364360921,28.8339045089982
OBS,0.1,0.4,50.6070086922178,84.1154045911996,53.7319585377576,-100,35.8544081104768,46.5215759178793,58.7045582027165,39.0265726733949,64.7596505276987,26.2939907247675,59.4689338570722,59.4726911739524,-100,41.6203789246503,57.8972605902743,66.9263369176401,44.7832979072572,67.3163167938931,42057,8370,5621,83.401749063002,88.2104954066865,85.7387492992202
OBS,0.2,0.4,50.6070086922178,84.1154045911996,53.7319585377576,-100,35.8544081104768,46.5215759178793,58.7045582027165,39.0265726733949,64.7596505276987,26.2939907247675,59.4689338570722,59.4726911739524,-100,41.6203789246503,57.8972605902743,66.9263369176401,44.7832979072572,67.3163167938931,42124,6008,5554,87.5176597689687,88.3510214354629,87.9323661413214
OBS,0.3,0.4,50.6070086922178,84.1154045911996,53.7319585377576,-100,35.8544081104768,46.5215759178793,58.7045582027165,39.0265726733949,64.7596505276987,26.2939907247675,59.4689338570722,59.4726911739524,-100,41.6203789246503,57.8972605902743,66.9263369176401,44.7832979072572,67.3163167938931,42026,4899,5652,89.5599360681939,88.1454759008348,88.8470767311819
OBS,0.4,0.4,50.6070086922178,84.1154045911996,53.7319585377576,-100,35.8544081104768,46.5215759178793,58.7045582027165,39.0265726733949,64.7596505276987,26.2939907247675,59.4689338570722,59.4726911739524,-100,41.6203789246503,57.8972605902743,66.9263369176401,44.7832979072572,67.3163167938931,41767,4106,5911,91.0492010550869,87.6022484164604,89.2924714861412
OBS,0.5,0.4,50.6070086922178,84.1154045911996,53.7319585377576,-100,35.8544081104768,46.5215759178793,58.7045582027165,39.0265726733949,64.7596505276987,26.2939907247675,59.4689338570722,59.4726911739524,-100,41.6203789246503,57.8972605902743,66.9263369176401,44.7832979072572,67.3163167938931,41283,3486,6395,92.213361924546,86.5871051638072,89.3117137386827
OBS,0.6,0.4,50.6070086922178,84.1154045911996,53.7319585377576,-100,35.8544081104768,46.5215759178793,58.7045582027165,39.0265726733949,64.7596505276987,26.2939907247675,59.4689338570722,59.4726911739524,-100,41.6203789246503,57.8972605902743,66.9263369176401,44.7832979072572,67.3163167938931,40357,2857,7321,93.388716619614,84.6449096019128,88.8020947938213
OBS,0.7,0.4,50.6070086922178,84.1154045911996,53.7319585377576,-100,35.8544081104768,46.5215759178793,58.7045582027165,39.0265726733949,64.7596505276987,26.2939907247675,59.4689338570722,59.4726911739524,-100,41.6203789246503,57.8972605902743,66.9263369176401,44.7832979072572,67.3163167938931,38376,1957,9302,95.1478937842462,80.4899534376442,87.2072809080683
OBS,0.8,0.4,50.6070086922178,84.1154045911996,53.7319585377576,-100,35.8544081104768,46.5215759178793,58.7045582027165,39.0265726733949,64.7596505276987,26.2939907247675,59.4689338570722,59.4726911739524,-100,41.6203789246503,57.8972605902743,66.9263369176401,44.7832979072572,67.3163167938931,30686,865,16992,97.2584070235492,64.3609211795797,77.4615355488521
OBS,0.9,0.4,50.6070086922178,84.1154045911996,53.7319585377576,-100,35.8544081104768,46.5215759178793,58.7045582027165,39.0265726733949,64.7596505276987,26.2939907247675,59.4689338570722,59.4726911739524,-100,41.6203789246503,57.8972605902743,66.9263369176401,44.7832979072572,67.3163167938931,8035,20,39643,99.7517070142768,16.8526364360921,28.8339045089982
OBS,0.1,0.5,50.6196224984769,84.1065441159764,53.89183532698,-100,35.787050959682,46.6162437848367,58.7218242135106,39.0064887108587,64.7596505276987,26.2910894789035,59.5342582212904,59.5380155381707,-100,41.624381059122,58.113919503506,66.9377446292531,44.7832979072572,67.3163167938931,42073,8708,5605,82.8518540398968,88.2440538613197,85.4629845925715
OBS,0.2,0.5,50.6196224984769,84.1065441159764,53.89183532698,-100,35.787050959682,46.6162437848367,58.7218242135106,39.0064887108587,64.7596505276987,26.2910894789035,59.5342582212904,59.5380155381707,-100,41.624381059122,58.113919503506,66.9377446292531,44.7832979072572,67.3163167938931,42128,6268,5550,87.0485164063146,88.3594110491212,87.6990653038283
OBS,0.3,0.5,50.6196224984769,84.1065441159764,53.89183532698,-100,35.787050959682,46.6162437848367,58.7218242135106,39.0064887108587,64.7596505276987,26.2910894789035,59.5342582212904,59.5380155381707,-100,41.624381059122,58.113919503506,66.9377446292531,44.7832979072572,67.3163167938931,42026,5117,5652,89.1457904673016,88.1454759008348,88.6428111916137
OBS,0.4,0.5,50.6196224984769,84.1065441159764,53.89183532698,-100,35.787050959682,46.6162437848367,58.7218242135106,39.0064887108587,64.7596505276987,26.2910894789035,59.5342582212904,59.5380155381707,-100,41.624381059122,58.113919503506,66.9377446292531,44.7832979072572,67.3163167938931,41766,4273,5912,90.7187384608701,87.6001510130459,89.132174525433
OBS,0.5,0.5,50.6196224984769,84.1065441159764,53.89183532698,-100,35.787050959682,46.6162437848367,58.7218242135106,39.0064887108587,64.7596505276987,26.2910894789035,59.5342582212904,59.5380155381707,-100,41.624381059122,58.113919503506,66.9377446292531,44.7832979072572,67.3163167938931,41280,3597,6398,91.9847583394612,86.5808129535635,89.2010156123386
OBS,0.6,0.5,50.6196224984769,84.1065441159764,53.89183532698,-100,35.787050959682,46.6162437848367,58.7218242135106,39.0064887108587,64.7596505276987,26.2910894789035,59.5342582212904,59.5380155381707,-100,41.624381059122,58.113919503506,66.9377446292531,44.7832979072572,67.3163167938931,40354,2922,7324,93.2479896478418,84.6386173916691,88.7349649273259
OBS,0.7,0.5,50.6196224984769,84.1065441159764,53.89183532698,-100,35.787050959682,46.6162437848367,58.7218242135106,39.0064887108587,64.7596505276987,26.2910894789035,59.5342582212904,59.5380155381707,-100,41.624381059122,58.113919503506,66.9377446292531,44.7832979072572,67.3163167938931,38371,1983,9307,95.0859889973732,80.4794664205713,87.1751181388586
OBS,0.8,0.5,50.6196224984769,84.1065441159764,53.89183532698,-100,35.787050959682,46.6162437848367,58.7218242135106,39.0064887108587,64.7596505276987,26.2910894789035,59.5342582212904,59.5380155381707,-100,41.624381059122,58.113919503506,66.9377446292531,44.7832979072572,67.3163167938931,30685,864,16993,97.2614028970807,64.3588237761651,77.4609665896727
OBS,0.9,0.5,50.6196224984769,84.1065441159764,53.89183532698,-100,35.787050959682,46.6162437848367,58.7218242135106,39.0064887108587,64.7596505276987,26.2910894789035,59.5342582212904,59.5380155381707,-100,41.624381059122,58.113919503506,66.9377446292531,44.7832979072572,67.3163167938931,8035,20,39643,99.7517070142768,16.8526364360921,28.8339045089982
OBS,0.1,0.6,50.6142390799126,84.0661870899531,53.8653703840946,-100,35.6646681422549,46.5891693392045,58.7171784338437,38.980493764524,64.7596505276987,26.2969654213799,59.5717466952639,59.5758995191842,-100,41.6875387234463,58.1915288130613,66.9479922149176,44.7832979072572,67.3163167938931,42101,9173,5577,82.1098412450755,88.3027811569277,85.0937828442073
OBS,0.2,0.6,50.6142390799126,84.0661870899531,53.8653703840946,-100,35.6646681422549,46.5891693392045,58.7171784338437,38.980493764524,64.7596505276987,26.2969654213799,59.5717466952639,59.5758995191842,-100,41.6875387234463,58.1915288130613,66.9479922149176,44.7832979072572,67.3163167938931,42157,6625,5521,86.4191710056988,88.4202357481438,87.4082521252333
OBS,0.3,0.6,50.6142390799126,84.0661870899531,53.8653703840946,-100,35.6646681422549,46.5891693392045,58.7171784338437,38.980493764524,64.7596505276987,26.2969654213799,59.5717466952639,59.5758995191842,-100,41.6875387234463,58.1915288130613,66.9479922149176,44.7832979072572,67.3163167938931,42048,5400,5630,88.619119878604,88.1916187759554,88.4048525114059
OBS,0.4,0.6,50.6142390799126,84.0661870899531,53.8653703840946,-100,35.6646681422549,46.5891693392045,58.7171784338437,38.980493764524,64.7596505276987,26.2969654213799,59.5717466952639,59.5758995191842,-100,41.6875387234463,58.1915288130613,66.9479922149176,44.7832979072572,67.3163167938931,41787,4511,5891,90.2565985571731,87.6441964847519,88.9312164808036
OBS,0.5,0.6,50.6142390799126,84.0661870899531,53.8653703840946,-100,35.6646681422549,46.5891693392045,58.7171784338437,38.980493764524,64.7596505276987,26.2969654213799,59.5717466952639,59.5758995191842,-100,41.6875387234463,58.1915288130613,66.9479922149176,44.7832979072572,67.3163167938931,41293,3771,6385,91.6319012959347,86.6080791979529,89.0491902266503
OBS,0.6,0.6,50.6142390799126,84.0661870899531,53.8653703840946,-100,35.6646681422549,46.5891693392045,58.7171784338437,38.980493764524,64.7596505276987,26.2969654213799,59.5717466952639,59.5758995191842,-100,41.6875387234463,58.1915288130613,66.9479922149176,44.7832979072572,67.3163167938931,40365,3038,7313,93.0004838375228,84.6616888292294,88.6353904766087
OBS,0.7,0.6,50.6142390799126,84.0661870899531,53.8653703840946,-100,35.6646681422549,46.5891693392045,58.7171784338437,38.980493764524,64.7596505276987,26.2969654213799,59.5717466952639,59.5758995191842,-100,41.6875387234463,58.1915288130613,66.9479922149176,44.7832979072572,67.3163167938931,38375,2044,9303,94.942972364482,80.4878560342296,87.1198792240372
OBS,0.8,0.6,50.6142390799126,84.0661870899531,53.8653703840946,-100,35.6646681422549,46.5891693392045,58.7171784338437,38.980493764524,64.7596505276987,26.2969654213799,59.5717466952639,59.5758995191842,-100,41.6875387234463,58.1915288130613,66.9479922149176,44.7832979072572,67.3163167938931,30689,873,16989,97.2340155883658,64.3672133898234,77.4583543664816
OBS,0.9,0.6,50.6142390799126,84.0661870899531,53.8653703840946,-100,35.6646681422549,46.5891693392045,58.7171784338437,38.980493764524,64.7596505276987,26.2969654213799,59.5717466952639,59.5758995191842,-100,41.6875387234463,58.1915288130613,66.9479922149176,44.7832979072572,67.3163167938931,8035,20,39643,99.7517070142768,16.8526364360921,28.8339045089982
OBS,0.1,0.7,50.5756069740635,83.9318534473389,53.7899033983224,-100,35.65664889254,46.4245610164227,58.701889750542,38.9562216955117,64.7596505276987,26.2885374078013,59.6298771547672,59.6344254857275,-100,41.8781282489366,58.2409971907501,66.9651037823372,44.7959554180167,67.3163167938931,42143,9890,5535,80.9928314723349,88.3908721003398,84.5302925454564
OBS,0.2,0.7,50.5756069740635,83.9318534473389,53.7899033983224,-100,35.65664889254,46.4245610164227,58.701889750542,38.9562216955117,64.7596505276987,26.2885374078013,59.6298771547672,59.6344254857275,-100,41.8781282489366,58.2409971907501,66.9651037823372,44.7959554180167,67.3163167938931,42196,7210,5482,85.4066307735902,88.5020344813121,86.9267850521198
OBS,0.3,0.7,50.5756069740635,83.9318534473389,53.7899033983224,-100,35.65664889254,46.4245610164227,58.701889750542,38.9562216955117,64.7596505276987,26.2885374078013,59.6298771547672,59.6344254857275,-100,41.8781282489366,58.2409971907501,66.9651037823372,44.7959554180167,67.3163167938931,42087,5914,5591,87.679423345347,88.2734175091237,87.9754178032797
OBS,0.4,0.7,50.5756069740635,83.9318534473389,53.7899033983224,-100,35.65664889254,46.4245610164227,58.701889750542,38.9562216955117,64.7596505276987,26.2885374078013,59.6298771547672,59.6344254857275,-100,41.8781282489366,58.2409971907501,66.9651037823372,44.7959554180167,67.3163167938931,41827,4962,5851,89.3949432558935,87.7280926213348,88.5536748282469
OBS,0.5,0.7,50.5756069740635,83.9318534473389,53.7899033983224,-100,35.65664889254,46.4245610164227,58.701889750542,38.9562216955117,64.7596505276987,26.2885374078013,59.6298771547672,59.6344254857275,-100,41.8781282489366,58.2409971907501,66.9651037823372,44.7959554180167,67.3163167938931,41335,4147,6343,90.8821072072468,86.696170141365,88.7398024903392
OBS,0.6,0.7,50.5756069740635,83.9318534473389,53.7899033983224,-100,35.65664889254,46.4245610164227,58.701889750542,38.9562216955117,64.7596505276987,26.2885374078013,59.6298771547672,59.6344254857275,-100,41.8781282489366,58.2409971907501,66.9651037823372,44.7959554180167,67.3163167938931,40399,3328,7279,92.3891417202186,84.7330005453249,88.3956019911383
OBS,0.7,0.7,50.5756069740635,83.9318534473389,53.7899033983224,-100,35.65664889254,46.4245610164227,58.701889750542,38.9562216955117,64.7596505276987,26.2885374078013,59.6298771547672,59.6344254857275,-100,41.8781282489366,58.2409971907501,66.9651037823372,44.7959554180167,67.3163167938931,38403,2245,9275,94.4769730368038,80.5465833298377,86.9574077847972
OBS,0.8,0.7,50.5756069740635,83.9318534473389,53.7899033983224,-100,35.65664889254,46.4245610164227,58.701889750542,38.9562216955117,64.7596505276987,26.2885374078013,59.6298771547672,59.6344254857275,-100,41.8781282489366,58.2409971907501,66.9651037823372,44.7959554180167,67.3163167938931,30698,905,16980,97.1363478150808,64.3860900205546,77.4410009964556
OBS,0.9,0.7,50.5756069740635,83.9318534473389,53.7899033983224,-100,35.65664889254,46.4245610164227,58.701889750542,38.9562216955117,64.7596505276987,26.2885374078013,59.6298771547672,59.6344254857275,-100,41.8781282489366,58.2409971907501,66.9651037823372,44.7959554180167,67.3163167938931,8035,20,39643,99.7517070142768,16.8526364360921,28.8339045089982
OBS,0.1,0.8,50.3562905538497,83.5319857615757,53.549118542745,-100,35.4976050109404,45.9050541320103,58.5770291989182,38.9085772818953,64.7596505276987,26.2545404009231,59.6584471250534,59.6631932095337,-100,41.9291107423689,58.2917695174554,66.9685260958211,44.7959554180167,67.3163167938931,42160,10882,5518,79.4841823460654,88.4265279583875,83.7172359015091
OBS,0.2,0.8,50.3562905538497,83.5319857615757,53.549118542745,-100,35.4976050109404,45.9050541320103,58.5770291989182,38.9085772818953,64.7596505276987,26.2545404009231,59.6584471250534,59.6631932095337,-100,41.9291107423689,58.2917695174554,66.9685260958211,44.7959554180167,67.3163167938931,42212,8132,5466,83.8471317336723,88.5355929359453,86.1276040072637
OBS,0.3,0.8,50.3562905538497,83.5319857615757,53.549118542745,-100,35.4976050109404,45.9050541320103,58.5770291989182,38.9085772818953,64.7596505276987,26.2545404009231,59.6584471250534,59.6631932095337,-100,41.9291107423689,58.2917695174554,66.9685260958211,44.7959554180167,67.3163167938931,42103,6761,5575,86.1636378519974,88.3069759637569,87.2221416585528
OBS,0.4,0.8,50.3562905538497,83.5319857615757,53.549118542745,-100,35.4976050109404,45.9050541320103,58.5770291989182,38.9085772818953,64.7596505276987,26.2545404009231,59.6584471250534,59.6631932095337,-100,41.9291107423689,58.2917695174554,66.9685260958211,44.7959554180167,67.3163167938931,41845,5726,5833,87.9632549242185,87.7658458827971,87.8644395216748
OBS,0.5,0.8,50.3562905538497,83.5319857615757,53.549118542745,-100,35.4976050109404,45.9050541320103,58.5770291989182,38.9085772818953,64.7596505276987,26.2545404009231,59.6584471250534,59.6631932095337,-100,41.9291107423689,58.2917695174554,66.9685260958211,44.7959554180167,67.3163167938931,41349,4823,6329,89.5542753183748,86.725533789169,88.1172083111348
OBS,0.6,0.8,50.3562905538497,83.5319857615757,53.549118542745,-100,35.4976050109404,45.9050541320103,58.5770291989182,38.9085772818953,64.7596505276987,26.2545404009231,59.6584471250534,59.6631932095337,-100,41.9291107423689,58.2917695174554,66.9685260958211,44.7959554180167,67.3163167938931,40410,3888,7268,91.2230800487607,84.7560719828852,87.870748891015
OBS,0.7,0.8,50.3562905538497,83.5319857615757,53.549118542745,-100,35.4976050109404,45.9050541320103,58.5770291989182,38.9085772818953,64.7596505276987,26.2545404009231,59.6584471250534,59.6631932095337,-100,41.9291107423689,58.2917695174554,66.9685260958211,44.7959554180167,67.3163167938931,38417,2662,9261,93.5198033058254,80.5759469776417,86.5666933312302
OBS,0.8,0.8,50.3562905538497,83.5319857615757,53.549118542745,-100,35.4976050109404,45.9050541320103,58.5770291989182,38.9085772818953,64.7596505276987,26.2545404009231,59.6584471250534,59.6631932095337,-100,41.9291107423689,58.2917695174554,66.9685260958211,44.7959554180167,67.3163167938931,30741,1062,16937,96.6606923875106,64.4762783673812,77.3543362564638
OBS,0.9,0.8,50.3562905538497,83.5319857615757,53.549118542745,-100,35.4976050109404,45.9050541320103,58.5770291989182,38.9085772818953,64.7596505276987,26.2545404009231,59.6584471250534,59.6631932095337,-100,41.9291107423689,58.2917695174554,66.9685260958211,44.7959554180167,67.3163167938931,8040,24,39638,99.702380952381,16.863123453165,28.8471888342722
OBS,0.1,0.9,49.7914185052449,82.5245029047766,52.903364497878,-100,35.3195927476898,44.1860409395367,58.4220189263874,38.8547296216543,64.7596505276987,26.2044799806388,59.6773427561871,59.6844618829076,-100,41.9540713142396,58.3116511314697,66.9987552140826,44.7959554180167,67.3163167938931,42164,12406,5514,77.2658970130108,88.4349175720458,82.473984821219
OBS,0.2,0.9,49.7914185052449,82.5245029047766,52.903364497878,-100,35.3195927476898,44.1860409395367,58.4220189263874,38.8547296216543,64.7596505276987,26.2044799806388,59.6773427561871,59.6844618829076,-100,41.9540713142396,58.3116511314697,66.9987552140826,44.7959554180167,67.3163167938931,42218,9582,5460,81.5019305019305,88.5481773564327,84.8790687388166
OBS,0.3,0.9,49.7914185052449,82.5245029047766,52.903364497878,-100,35.3195927476898,44.1860409395367,58.4220189263874,38.8547296216543,64.7596505276987,26.2044799806388,59.6773427561871,59.6844618829076,-100,41.9540713142396,58.3116511314697,66.9987552140826,44.7959554180167,67.3163167938931,42108,8150,5570,83.7836762306499,88.3174629808297,85.9908511681098
OBS,0.4,0.9,49.7914185052449,82.5245029047766,52.903364497878,-100,35.3195927476898,44.1860409395367,58.4220189263874,38.8547296216543,64.7596505276987,26.2044799806388,59.6773427561871,59.6844618829076,-100,41.9540713142396,58.3116511314697,66.9987552140826,44.7959554180167,67.3163167938931,41850,7058,5828,85.5688230964259,87.77633289987,86.6585219389974
OBS,0.5,0.9,49.7914185052449,82.5245029047766,52.903364497878,-100,35.3195927476898,44.1860409395367,58.4220189263874,38.8547296216543,64.7596505276987,26.2044799806388,59.6773427561871,59.6844618829076,-100,41.9540713142396,58.3116511314697,66.9987552140826,44.7959554180167,67.3163167938931,41353,6072,6325,87.1966262519768,86.7339234028273,86.9646593693154
OBS,0.6,0.9,49.7914185052449,82.5245029047766,52.903364497878,-100,35.3195927476898,44.1860409395367,58.4220189263874,38.8547296216543,64.7596505276987,26.2044799806388,59.6773427561871,59.6844618829076,-100,41.9540713142396,58.3116511314697,66.9987552140826,44.7959554180167,67.3163167938931,40411,5041,7267,88.9091789140192,84.7581693862998,86.7840652850854
OBS,0.7,0.9,49.7914185052449,82.5245029047766,52.903364497878,-100,35.3195927476898,44.1860409395367,58.4220189263874,38.8547296216543,64.7596505276987,26.2044799806388,59.6773427561871,59.6844618829076,-100,41.9540713142396,58.3116511314697,66.9987552140826,44.7959554180167,67.3163167938931,38422,3632,9256,91.3634850430399,80.5864339947145,85.6372308652432
OBS,0.8,0.9,49.7914185052449,82.5245029047766,52.903364497878,-100,35.3195927476898,44.1860409395367,58.4220189263874,38.8547296216543,64.7596505276987,26.2044799806388,59.6773427561871,59.6844618829076,-100,41.9540713142396,58.3116511314697,66.9987552140826,44.7959554180167,67.3163167938931,30829,1556,16849,95.1953064690443,64.6608498678636,77.0118531656321
OBS,0.9,0.9,49.7914185052449,82.5245029047766,52.903364497878,-100,35.3195927476898,44.1860409395367,58.4220189263874,38.8547296216543,64.7596505276987,26.2044799806388,59.6773427561871,59.6844618829076,-100,41.9540713142396,58.3116511314697,66.9987552140826,44.7959554180167,67.3163167938931,8056,48,39622,99.4076999012833,16.8966819077981,28.8838693485354
